run_id,family,service,mean_cpu_percent,peak_cpu_percent,mean_mem_mib,peak_mem_mib,samples
load-submission-c1-r1,submission,api,22.9,22.9,67.0,67.0,1
load-submission-c1-r1,submission,postgres,2.6,2.6,26.5,26.5,1
load-submission-c1-r1,submission,redis,,,,,0
load-submission-c1-r1,submission,publisher,,,,,0
load-submission-c1-r1,submission,scheduler,,,,,0
load-submission-c1-r1,submission,worker,,,,,0
load-submission-c1-r2,submission,api,1.6,1.6,67.0,67.0,1
load-submission-c1-r2,submission,postgres,0.3,0.3,26.4,26.4,1
load-submission-c1-r2,submission,redis,,,,,0
load-submission-c1-r2,submission,publisher,,,,,0
load-submission-c1-r2,submission,scheduler,,,,,0
load-submission-c1-r2,submission,worker,,,,,0
load-submission-c1-r3,submission,api,0.9,0.9,66.6,66.6,1
load-submission-c1-r3,submission,postgres,0.2,0.2,26.4,26.4,1
load-submission-c1-r3,submission,redis,,,,,0
load-submission-c1-r3,submission,publisher,,,,,0
load-submission-c1-r3,submission,scheduler,,,,,0
load-submission-c1-r3,submission,worker,,,,,0
load-submission-c10-r1,submission,api,0.1,0.1,68.1,68.1,1
load-submission-c10-r1,submission,postgres,0.0,0.0,34.9,34.9,1
load-submission-c10-r1,submission,redis,,,,,0
load-submission-c10-r1,submission,publisher,,,,,0
load-submission-c10-r1,submission,scheduler,,,,,0
load-submission-c10-r1,submission,worker,,,,,0
load-submission-c10-r2,submission,api,0.1,0.1,68.2,68.2,1
load-submission-c10-r2,submission,postgres,0.0,0.0,35.2,35.2,1
load-submission-c10-r2,submission,redis,,,,,0
load-submission-c10-r2,submission,publisher,,,,,0
load-submission-c10-r2,submission,scheduler,,,,,0
load-submission-c10-r2,submission,worker,,,,,0
load-submission-c10-r3,submission,api,18.4,18.4,81.0,81.0,1
load-submission-c10-r3,submission,postgres,2.6,2.6,35.8,35.8,1
load-submission-c10-r3,submission,redis,,,,,0
load-submission-c10-r3,submission,publisher,,,,,0
load-submission-c10-r3,submission,scheduler,,,,,0
load-submission-c10-r3,submission,worker,,,,,0
load-submission-c25-r1,submission,api,0.1,0.1,70.1,70.1,1
load-submission-c25-r1,submission,postgres,0.0,0.0,35.6,35.6,1
load-submission-c25-r1,submission,redis,,,,,0
load-submission-c25-r1,submission,publisher,,,,,0
load-submission-c25-r1,submission,scheduler,,,,,0
load-submission-c25-r1,submission,worker,,,,,0
load-submission-c25-r2,submission,api,0.1,0.1,70.6,70.6,1
load-submission-c25-r2,submission,postgres,0.0,0.0,35.8,35.8,1
load-submission-c25-r2,submission,redis,,,,,0
load-submission-c25-r2,submission,publisher,,,,,0
load-submission-c25-r2,submission,scheduler,,,,,0
load-submission-c25-r2,submission,worker,,,,,0
load-submission-c25-r3,submission,api,25.8,25.8,71.0,71.0,1
load-submission-c25-r3,submission,postgres,0.1,0.1,36.0,36.0,1
load-submission-c25-r3,submission,redis,,,,,0
load-submission-c25-r3,submission,publisher,,,,,0
load-submission-c25-r3,submission,scheduler,,,,,0
load-submission-c25-r3,submission,worker,,,,,0
load-submission-c50-r1,submission,api,0.1,0.1,73.4,73.4,1
load-submission-c50-r1,submission,postgres,0.0,0.0,36.4,36.4,1
load-submission-c50-r1,submission,redis,,,,,0
load-submission-c50-r1,submission,publisher,,,,,0
load-submission-c50-r1,submission,scheduler,,,,,0
load-submission-c50-r1,submission,worker,,,,,0
load-submission-c50-r2,submission,api,0.1,0.1,74.7,74.7,1
load-submission-c50-r2,submission,postgres,1.2,1.2,37.1,37.1,1
load-submission-c50-r2,submission,redis,,,,,0
load-submission-c50-r2,submission,publisher,,,,,0
load-submission-c50-r2,submission,scheduler,,,,,0
load-submission-c50-r2,submission,worker,,,,,0
load-submission-c50-r3,submission,api,0.1,0.1,73.3,73.3,1
load-submission-c50-r3,submission,postgres,0.0,0.0,37.1,37.1,1
load-submission-c50-r3,submission,redis,,,,,0
load-submission-c50-r3,submission,publisher,,,,,0
load-submission-c50-r3,submission,scheduler,,,,,0
load-submission-c50-r3,submission,worker,,,,,0
load-lightweight-w1-r1,lightweight,api,0.1,0.1,70.3,70.3,2
load-lightweight-w1-r1,lightweight,postgres,9.2,18.2,39.7,40.1,2
load-lightweight-w1-r1,lightweight,redis,1.3,2.2,4.1,4.2,2
load-lightweight-w1-r1,lightweight,publisher,14.1,27.9,54.0,54.0,2
load-lightweight-w1-r1,lightweight,scheduler,0.2,0.2,45.9,46.1,2
load-lightweight-w1-r1,lightweight,worker,17.8,35.5,54.2,54.6,2
load-lightweight-w1-r2,lightweight,api,20.2,40.4,70.6,70.7,2
load-lightweight-w1-r2,lightweight,postgres,24.6,49.0,40.1,41.0,2
load-lightweight-w1-r2,lightweight,redis,1.9,3.4,4.3,4.5,2
load-lightweight-w1-r2,lightweight,publisher,35.7,71.2,54.4,54.8,2
load-lightweight-w1-r2,lightweight,scheduler,0.2,0.2,46.2,46.3,2
load-lightweight-w1-r2,lightweight,worker,30.7,61.3,54.4,54.5,2
load-lightweight-w1-r3,lightweight,api,12.5,24.9,70.5,70.5,2
load-lightweight-w1-r3,lightweight,postgres,14.2,28.2,40.6,40.9,2
load-lightweight-w1-r3,lightweight,redis,1.3,2.2,4.2,4.3,2
load-lightweight-w1-r3,lightweight,publisher,29.8,59.3,54.4,54.8,2
load-lightweight-w1-r3,lightweight,scheduler,0.1,0.1,45.8,45.8,2
load-lightweight-w1-r3,lightweight,worker,5.4,10.7,54.4,54.8,2
load-lightweight-w2-r1,lightweight,api,24.9,24.9,70.6,70.6,1
load-lightweight-w2-r1,lightweight,postgres,40.0,40.0,43.6,43.6,1
load-lightweight-w2-r1,lightweight,redis,2.4,2.4,4.5,4.5,1
load-lightweight-w2-r1,lightweight,publisher,23.1,23.1,53.8,53.8,1
load-lightweight-w2-r1,lightweight,scheduler,0.1,0.1,45.8,45.8,1
load-lightweight-w2-r1,lightweight,worker,124.3,124.3,106.9,106.9,1
load-lightweight-w2-r2,lightweight,api,0.1,0.1,70.7,70.7,1
load-lightweight-w2-r2,lightweight,postgres,44.9,44.9,44.3,44.3,1
load-lightweight-w2-r2,lightweight,redis,6.1,6.1,4.4,4.4,1
load-lightweight-w2-r2,lightweight,publisher,26.6,26.6,53.8,53.8,1
load-lightweight-w2-r2,lightweight,scheduler,0.1,0.1,46.1,46.1,1
load-lightweight-w2-r2,lightweight,worker,78.3,78.3,107.0,107.0,1
load-lightweight-w2-r3,lightweight,api,0.1,0.1,70.7,70.7,1
load-lightweight-w2-r3,lightweight,postgres,43.7,43.7,44.9,44.9,1
load-lightweight-w2-r3,lightweight,redis,4.1,4.1,4.8,4.8,1
load-lightweight-w2-r3,lightweight,publisher,24.3,24.3,54.0,54.0,1
load-lightweight-w2-r3,lightweight,scheduler,0.1,0.1,45.8,45.8,1
load-lightweight-w2-r3,lightweight,worker,130.7,130.7,107.7,107.7,1
load-lightweight-w4-r1,lightweight,api,26.4,26.4,70.7,70.7,1
load-lightweight-w4-r1,lightweight,postgres,52.1,52.1,48.4,48.4,1
load-lightweight-w4-r1,lightweight,redis,4.8,4.8,4.6,4.6,1
load-lightweight-w4-r1,lightweight,publisher,46.8,46.8,53.8,53.8,1
load-lightweight-w4-r1,lightweight,scheduler,0.1,0.1,45.8,45.8,1
load-lightweight-w4-r1,lightweight,worker,158.3,158.3,210.8,210.8,1
load-lightweight-w4-r2,lightweight,api,0.1,0.1,70.7,70.7,1
load-lightweight-w4-r2,lightweight,postgres,21.0,21.0,48.4,48.4,1
load-lightweight-w4-r2,lightweight,redis,3.9,3.9,4.6,4.6,1
load-lightweight-w4-r2,lightweight,publisher,18.1,18.1,54.0,54.0,1
load-lightweight-w4-r2,lightweight,scheduler,0.2,0.2,46.1,46.1,1
load-lightweight-w4-r2,lightweight,worker,42.1,42.1,210.7,210.7,1
load-lightweight-w4-r3,lightweight,api,0.1,0.1,70.7,70.7,1
load-lightweight-w4-r3,lightweight,postgres,39.5,39.5,49.4,49.4,1
load-lightweight-w4-r3,lightweight,redis,3.8,3.8,4.6,4.6,1
load-lightweight-w4-r3,lightweight,publisher,22.9,22.9,53.8,53.8,1
load-lightweight-w4-r3,lightweight,scheduler,0.1,0.1,46.1,46.1,1
load-lightweight-w4-r3,lightweight,worker,129.5,129.5,211.2,211.2,1
load-sleep-w1-r1,sleep,api,3.2,16.1,73.9,82.7,7
load-sleep-w1-r1,sleep,postgres,3.2,5.3,44.2,46.5,7
load-sleep-w1-r1,sleep,redis,1.0,2.5,4.5,5.4,7
load-sleep-w1-r1,sleep,publisher,0.4,0.4,53.9,54.2,7
load-sleep-w1-r1,sleep,scheduler,0.2,0.2,46.0,46.1,7
load-sleep-w1-r1,sleep,worker,2.2,2.5,54.3,55.1,7
load-sleep-w1-r2,sleep,api,3.3,23.3,70.6,71.2,8
load-sleep-w1-r2,sleep,postgres,2.9,5.5,47.0,47.5,8
load-sleep-w1-r2,sleep,redis,1.0,2.7,4.5,4.8,8
load-sleep-w1-r2,sleep,publisher,0.4,0.4,54.0,54.2,8
load-sleep-w1-r2,sleep,scheduler,0.2,0.2,46.0,46.6,8
load-sleep-w1-r2,sleep,worker,1.8,2.5,54.1,54.4,8
load-sleep-w1-r3,sleep,api,3.4,22.7,71.4,78.9,8
load-sleep-w1-r3,sleep,postgres,2.9,5.2,47.4,48.3,8
load-sleep-w1-r3,sleep,redis,0.7,2.6,4.5,4.8,8
load-sleep-w1-r3,sleep,publisher,1.9,12.4,53.9,54.0,8
load-sleep-w1-r3,sleep,scheduler,0.2,0.2,46.0,46.3,8
load-sleep-w1-r3,sleep,worker,1.8,2.1,54.3,54.7,8
load-sleep-w2-r1,sleep,api,0.1,0.1,70.1,70.1,4
load-sleep-w2-r1,sleep,postgres,2.9,3.7,49.7,49.8,4
load-sleep-w2-r1,sleep,redis,1.1,2.8,4.5,4.7,4
load-sleep-w2-r1,sleep,publisher,0.4,0.4,53.9,54.2,4
load-sleep-w2-r1,sleep,scheduler,0.2,0.2,46.0,46.3,4
load-sleep-w2-r1,sleep,worker,4.3,5.0,106.7,107.2,4
load-sleep-w2-r2,sleep,api,5.9,22.9,70.6,71.1,4
load-sleep-w2-r2,sleep,postgres,3.5,5.1,49.5,49.8,4
load-sleep-w2-r2,sleep,redis,1.1,2.8,4.7,5.1,4
load-sleep-w2-r2,sleep,publisher,3.0,10.8,54.0,54.1,4
load-sleep-w2-r2,sleep,scheduler,0.2,0.2,46.1,46.1,4
load-sleep-w2-r2,sleep,worker,3.8,4.6,106.4,106.6,4
load-sleep-w2-r3,sleep,api,5.9,23.1,70.2,70.5,4
load-sleep-w2-r3,sleep,postgres,2.8,3.3,49.9,50.3,4
load-sleep-w2-r3,sleep,redis,0.5,0.5,4.7,4.9,4
load-sleep-w2-r3,sleep,publisher,0.3,0.4,53.8,54.0,4
load-sleep-w2-r3,sleep,scheduler,0.2,0.2,46.1,46.3,4
load-sleep-w2-r3,sleep,worker,3.9,4.3,106.6,107.0,4
load-sleep-w4-r1,sleep,api,0.1,0.1,70.5,70.5,2
load-sleep-w4-r1,sleep,postgres,4.0,4.2,54.1,54.4,2
load-sleep-w4-r1,sleep,redis,0.6,0.6,4.5,4.9,2
load-sleep-w4-r1,sleep,publisher,0.4,0.4,53.9,54.0,2
load-sleep-w4-r1,sleep,scheduler,0.2,0.2,46.1,46.1,2
load-sleep-w4-r1,sleep,worker,8.3,9.1,211.3,211.7,2
load-sleep-w4-r2,sleep,api,1.9,3.6,70.6,70.7,2
load-sleep-w4-r2,sleep,postgres,4.3,4.9,54.6,54.9,2
load-sleep-w4-r2,sleep,redis,1.7,2.8,5.1,5.6,2
load-sleep-w4-r2,sleep,publisher,0.4,0.5,54.2,54.3,2
load-sleep-w4-r2,sleep,scheduler,0.2,0.2,46.1,46.1,2
load-sleep-w4-r2,sleep,worker,8.6,9.1,211.3,211.7,2
load-sleep-w4-r3,sleep,api,3.0,5.9,70.6,70.7,2
load-sleep-w4-r3,sleep,postgres,5.3,6.9,54.1,54.3,2
load-sleep-w4-r3,sleep,redis,1.7,2.8,5.1,5.1,2
load-sleep-w4-r3,sleep,publisher,0.3,0.4,54.0,54.2,2
load-sleep-w4-r3,sleep,scheduler,0.2,0.2,45.9,46.1,2
load-sleep-w4-r3,sleep,worker,7.9,8.3,211.2,211.3,2
load-cpu-w1-r1,cpu,api,0.1,0.1,70.5,70.5,1
load-cpu-w1-r1,cpu,postgres,13.0,13.0,48.1,48.1,1
load-cpu-w1-r1,cpu,redis,1.4,1.4,4.9,4.9,1
load-cpu-w1-r1,cpu,publisher,0.4,0.4,53.8,53.8,1
load-cpu-w1-r1,cpu,scheduler,0.2,0.2,45.8,45.8,1
load-cpu-w1-r1,cpu,worker,76.8,76.8,55.1,55.1,1
load-cpu-w1-r2,cpu,api,17.9,17.9,70.5,70.5,1
load-cpu-w1-r2,cpu,postgres,20.0,20.0,48.9,48.9,1
load-cpu-w1-r2,cpu,redis,0.9,0.9,4.6,4.6,1
load-cpu-w1-r2,cpu,publisher,16.9,16.9,54.1,54.1,1
load-cpu-w1-r2,cpu,scheduler,0.1,0.1,45.8,45.8,1
load-cpu-w1-r2,cpu,worker,0.2,0.2,54.4,54.4,1
load-cpu-w1-r3,cpu,api,0.1,0.1,70.5,70.5,1
load-cpu-w1-r3,cpu,postgres,15.2,15.2,46.9,46.9,1
load-cpu-w1-r3,cpu,redis,3.5,3.5,4.8,4.8,1
load-cpu-w1-r3,cpu,publisher,15.9,15.9,54.1,54.1,1
load-cpu-w1-r3,cpu,scheduler,0.1,0.1,45.8,45.8,1
load-cpu-w1-r3,cpu,worker,71.0,71.0,56.7,56.7,1
load-cpu-w2-r1,cpu,api,0.1,0.1,70.5,70.5,1
load-cpu-w2-r1,cpu,postgres,14.3,14.3,49.8,49.8,1
load-cpu-w2-r1,cpu,redis,1.4,1.4,4.6,4.6,1
load-cpu-w2-r1,cpu,publisher,0.3,0.3,54.0,54.0,1
load-cpu-w2-r1,cpu,scheduler,0.2,0.2,45.8,45.8,1
load-cpu-w2-r1,cpu,worker,48.4,48.4,108.7,108.7,1
load-cpu-w2-r2,cpu,api,0.1,0.1,70.5,70.5,1
load-cpu-w2-r2,cpu,postgres,1.0,1.0,50.2,50.2,1
load-cpu-w2-r2,cpu,redis,0.5,0.5,4.6,4.6,1
load-cpu-w2-r2,cpu,publisher,15.9,15.9,53.9,53.9,1
load-cpu-w2-r2,cpu,scheduler,0.2,0.2,45.8,45.8,1
load-cpu-w2-r2,cpu,worker,0.4,0.4,107.7,107.7,1
load-cpu-w2-r3,cpu,api,0.1,0.1,70.5,70.5,1
load-cpu-w2-r3,cpu,postgres,14.2,14.2,50.3,50.3,1
load-cpu-w2-r3,cpu,redis,3.3,3.3,4.9,4.9,1
load-cpu-w2-r3,cpu,publisher,0.4,0.4,54.0,54.0,1
load-cpu-w2-r3,cpu,scheduler,0.2,0.2,46.1,46.1,1
load-cpu-w2-r3,cpu,worker,69.5,69.5,107.6,107.6,1
load-cpu-w4-r1,cpu,api,0.1,0.1,70.7,70.7,1
load-cpu-w4-r1,cpu,postgres,10.4,10.4,54.0,54.0,1
load-cpu-w4-r1,cpu,redis,3.3,3.3,5.2,5.2,1
load-cpu-w4-r1,cpu,publisher,0.3,0.3,53.8,53.8,1
load-cpu-w4-r1,cpu,scheduler,0.1,0.1,46.1,46.1,1
load-cpu-w4-r1,cpu,worker,56.5,56.5,212.9,212.9,1
load-cpu-w4-r2,cpu,api,18.7,18.7,70.5,70.5,1
load-cpu-w4-r2,cpu,postgres,14.8,14.8,54.0,54.0,1
load-cpu-w4-r2,cpu,redis,1.0,1.0,5.0,5.0,1
load-cpu-w4-r2,cpu,publisher,0.3,0.3,53.8,53.8,1
load-cpu-w4-r2,cpu,scheduler,0.2,0.2,46.1,46.1,1
load-cpu-w4-r2,cpu,worker,47.5,47.5,212.8,212.8,1
load-cpu-w4-r3,cpu,api,0.1,0.1,70.5,70.5,1
load-cpu-w4-r3,cpu,postgres,32.3,32.3,53.5,53.5,1
load-cpu-w4-r3,cpu,redis,0.5,0.5,4.5,4.5,1
load-cpu-w4-r3,cpu,publisher,0.3,0.3,54.0,54.0,1
load-cpu-w4-r3,cpu,scheduler,0.1,0.1,46.3,46.3,1
load-cpu-w4-r3,cpu,worker,0.5,0.5,212.3,212.3,1
load-priority-w4-r1,priority,api,2.3,11.0,73.0,82.2,5
load-priority-w4-r1,priority,postgres,4.2,6.5,54.4,55.1,5
load-priority-w4-r1,priority,redis,1.0,2.6,4.8,5.2,5
load-priority-w4-r1,priority,publisher,0.4,0.5,53.9,54.0,5
load-priority-w4-r1,priority,scheduler,0.2,0.2,46.1,46.1,5
load-priority-w4-r1,priority,worker,7.1,9.5,213.3,213.8,5
