run_id,family,workers,concurrency,jobs,http_202,http_errors,submitted_jobs_per_sec,completed_jobs_per_sec,post_p50,post_p95,queue_p50,queue_p95,exec_p50,exec_p95,e2e_p50,e2e_p95,valid_baseline
load-submission-c1-r1,submission,,1,150,150,0,191.3,,5.0,6.0,,,,,,,
load-submission-c1-r2,submission,,1,150,150,0,193.4,,5.0,6.1,,,,,,,
load-submission-c1-r3,submission,,1,150,150,0,199.0,,4.8,5.9,,,,,,,
load-submission-c10-r1,submission,,10,150,150,0,320.8,,25.8,58.7,,,,,,,
load-submission-c10-r2,submission,,10,150,150,0,314.8,,28.7,50.1,,,,,,,
load-submission-c10-r3,submission,,10,150,150,0,274.6,,32.8,51.3,,,,,,,
load-submission-c25-r1,submission,,25,150,150,0,294.0,,74.6,115.3,,,,,,,
load-submission-c25-r2,submission,,25,150,150,0,313.6,,62.6,142.9,,,,,,,
load-submission-c25-r3,submission,,25,150,150,0,283.4,,68.7,143.5,,,,,,,
load-submission-c50-r1,submission,,50,150,150,0,311.6,,126.4,295.9,,,,,,,
load-submission-c50-r2,submission,,50,150,150,0,286.9,,144.0,334.7,,,,,,,
load-submission-c50-r3,submission,,50,150,150,0,312.4,,121.8,339.8,,,,,,,
load-lightweight-w1-r1,lightweight,1,,200,200,0,287.7,50.2,67.6,154.9,2174.6,2834.9,1.0,1.0,2180.7,2839.8,True
load-lightweight-w1-r2,lightweight,1,,200,200,0,259.7,70.6,77.7,199.1,1229.9,1770.8,1.0,1.0,1236.7,1775.7,True
load-lightweight-w1-r3,lightweight,1,,200,200,0,337.6,57.6,64.6,106.9,1932.1,2635.7,1.0,1.0,1938.2,2641.0,True
load-lightweight-w2-r1,lightweight,2,,200,200,0,307.0,86.7,68.3,139.7,1027.3,1269.4,1.0,1.0,1033.9,1275.9,True
load-lightweight-w2-r2,lightweight,2,,200,200,0,319.2,87.7,67.4,126.9,1172.6,1493.8,1.0,2.0,1178.4,1500.7,True
load-lightweight-w2-r3,lightweight,2,,200,200,0,264.2,83.1,75.3,224.6,1322.0,1467.1,1.0,1.0,1327.0,1472.9,True
load-lightweight-w4-r1,lightweight,4,,200,200,0,299.0,104.4,71.1,144.7,909.5,1031.1,1.0,2.0,917.0,1038.0,True
load-lightweight-w4-r2,lightweight,4,,200,200,0,264.6,126.0,73.4,199.8,522.8,765.8,1.0,2.0,530.4,772.5,True
load-lightweight-w4-r3,lightweight,4,,200,200,0,304.7,105.3,72.2,116.3,830.7,872.9,1.0,2.0,838.5,879.8,True
load-sleep-w1-r1,sleep,1,,40,40,0,204.3,1.9,76.2,136.5,10746.5,19748.4,505.0,506.0,11256.3,20258.1,True
load-sleep-w1-r2,sleep,1,,40,40,0,211.8,1.8,79.1,104.5,11285.8,20276.3,505.0,506.0,11795.9,20787.1,True
load-sleep-w1-r3,sleep,1,,40,40,0,230.5,1.9,74.0,100.4,10494.1,19478.6,505.0,506.0,11005.5,19987.8,True
load-sleep-w2-r1,sleep,2,,40,40,0,228.8,3.4,61.1,98.2,5897.6,10394.0,505.0,506.0,6408.9,10903.9,True
load-sleep-w2-r2,sleep,2,,40,40,0,251.2,3.6,59.9,95.4,5351.3,9858.2,505.0,506.0,5860.3,10370.0,True
load-sleep-w2-r3,sleep,2,,40,40,0,254.0,3.4,54.9,95.2,5785.3,10295.7,505.0,506.0,6295.1,10807.0,True
load-sleep-w4-r1,sleep,4,,40,40,0,247.5,6.3,65.1,102.9,3013.1,5392.3,505.0,506.0,3522.5,5902.6,True
load-sleep-w4-r2,sleep,4,,40,40,0,228.7,6.3,71.5,94.1,3133.9,5524.8,505.0,506.0,3644.5,6038.9,True
load-sleep-w4-r3,sleep,4,,40,40,0,190.3,6.3,88.3,134.2,3224.8,5633.7,505.0,506.0,3735.7,6144.3,True
load-cpu-w1-r1,cpu,1,,50,50,0,260.5,22.2,67.8,97.4,1511.4,1895.7,9.0,12.1,1526.3,1911.6,True
load-cpu-w1-r2,cpu,1,,50,50,0,241.6,22.0,66.2,105.0,1507.8,1926.6,10.0,14.5,1528.2,1941.4,True
load-cpu-w1-r3,cpu,1,,50,50,0,242.1,22.1,70.0,102.5,1571.6,1970.9,10.0,12.0,1586.8,1988.2,True
load-cpu-w2-r1,cpu,2,,50,50,0,230.9,26.8,73.0,101.2,1115.7,1294.8,10.0,11.0,1131.7,1312.2,True
load-cpu-w2-r2,cpu,2,,50,50,0,255.0,48.8,70.1,92.2,618.7,787.5,10.0,12.1,634.0,802.2,True
load-cpu-w2-r3,cpu,2,,50,50,0,248.5,27.0,71.2,97.7,1072.7,1240.7,10.0,11.0,1087.8,1256.2,True
load-cpu-w4-r1,cpu,4,,50,50,0,216.0,34.0,71.0,134.7,1003.7,1089.4,10.0,16.0,1018.7,1105.7,True
load-cpu-w4-r2,cpu,4,,50,50,0,243.1,26.9,71.8,100.0,1271.1,1328.0,10.0,13.5,1286.6,1344.6,True
load-cpu-w4-r3,cpu,4,,50,50,0,239.9,48.1,71.1,98.0,447.0,511.9,11.0,17.5,464.6,534.1,True
load-priority-w4-r1,priority,4,,100,100,0,,,,,,,,,,,True
